{
  "Varer" : {
    "Drakter" : {
      "BPL" : {
        "D001" : {
          "Navn" : "Liverpool",
          "ImageURL" : "https://www.unisportstore.no/fotballdrakter/liverpool-hjemmedrakt-201819/174758/",
          "Farge1" : "Rød",
          "Farge2" : "Hvit",
          "Merke" : "New Balance"
        },
        "D002" : {
          "Navn" : "West Ham United",
          "ImageURL" : "https://www.unisportstore.no/fotballdrakter/west-ham-united-hjemmedrakt-201819/176723/",
          "Farge1" : "Lilla",
          "Farge2" : "Blå",
          "Merke" : "Umbro"
        },
        "D003" : {
          "Navn" : "Chelsea",
          "ImageURL" : "https://www.unisportstore.no/fotballdrakter/chelsea-hjemmedrakt-201819/172229/",
          "Farge1" : "Blå",
          "Farge2" : "Hvit",
          "Merke" : "Nike"
        },
        "D004" : {
          "Navn" : "Arsenal",
          "ImageURL" : "https://www.unisportstore.no/fotballdrakter/arsenal-hjemmedrakt-201819/174970/",
          "Farge1" : "Rød",
          "Farge2" : "Hvit",
          "Merke" : "Puma"
        },
        "D005" : {
          "Navn" : "Newcastle",
          "ImageURL" : "https://www.unisportstore.no/fotballdrakter/newcastle-united-hjemmedrakt-201819/175122/",
          "Farge1" : "Sort",
          "Farge2" : "Hvit",
          "Merke" : "Puma"
        }
      },
      "LaLiga" : {
        "D001" : {
          "Navn" : "Barcelona",
          "ImageURL" : "https://www.unisportstore.no/fotballdrakter/barcelona-hjemmedrakt-201819/172459/",
          "Farge1" : "Blå",
          "Farge2" : "Rød",
          "Merke" : "Puma"
        },
        "D002" : {
          "Navn" : "Atletico Madrid",
          "ImageURL" : "https://www.unisportstore.no/fotballdrakter/atletico-madrid-hjemmedrakt-201819-vapor/172284/",
          "Farge1" : "Rød",
          "Farge2" : "Hvit",
          "Merke" : "Nike"
        },
        "D003" : {
          "Navn" : "Real Madrid",
          "ImageURL" : "https://www.unisportstore.no/fotballdrakter/real-madrid-hjemmedrakt-201819-authentic/173742/",
          "Farge1" : "Hvit",
          "Farge2" : "Sort",
          "Merke" : "Adidas"
        }
      },
      "SerieA" : {
        "D001" : {
          "Navn" : "",
          "ImageURL" : "",
          "Farge1" : "",
          "Farge2" : "",
          "Merke" : ""
        },
        "D002" : {
          "Navn" : "",
          "ImageURL" : "",
          "Farge1" : "",
          "Farge2" : "",
          "Merke" : ""
        },
        "D003" : {
          "Navn" : "",
          "ImageURL" : "",
          "Farge1" : "",
          "Farge2" : "",
          "Merke" : ""
        },
        "D004" : {
          "Navn" : "",
          "ImageURL" : "",
          "Farge1" : "",
          "Farge2" : "",
          "Merke" : ""
        }
      }
    },
    "Baller" : {
      "Nike" : {
        "B001" : {
          "Navn" : "",
          "ImageURL" : "",
          "Farge1" : "",
          "Farge2" : "",
          "Pris" : ""
        },
        "B002" : {
          "Navn" : "",
          "ImageURL" : "",
          "Farge1" : "",
          "Farge2" : "",
          "Pris" : ""
        },
        "B003" : {
          "Navn" : "",
          "ImageURL" : "",
          "Farge1" : "",
          "Farge2" : "",
          "Pris" : ""
        },
        "B004" : {
          "Navn" : "",
          "ImageURL" : "",
          "Farge1" : "",
          "Farge2" : "",
          "Pris" : ""
        }
      },
      "Adidas" : {
        "B001" : {
          "Navn" : "",
          "ImageURL" : "",
          "Farge1" : "",
          "Farge2" : "",
          "Pris" : ""
        },
        "B002" : {
          "Navn" : "",
          "ImageURL" : "",
          "Farge1" : "",
          "Farge2" : "",
          "Pris" : ""
        },
        "B003" : {
          "Navn" : "",
          "ImageURL" : "",
          "Farge1" : "",
          "Farge2" : "",
          "Pris" : ""
        },
        "B004" : {
          "Navn" : "",
          "ImageURL" : "",
          "Farge1" : "",
          "Farge2" : "",
          "Pris" : ""
        }
      },
      "Puma" : {
        "B001" : {
          "Navn" : "",
          "ImageURL" : "",
          "Farge1" : "",
          "Farge2" : "",
          "Pris" : ""
        },
        "B002" : {
          "Navn" : "",
          "ImageURL" : "",
          "Farge1" : "",
          "Farge2" : "",
          "Pris" : ""
        },
        "B003" : {
          "Navn" : "",
          "ImageURL" : "",
          "Farge1" : "",
          "Farge2" : "",
          "Pris" : ""
        },
        "B004" : {
          "Navn" : "",
          "ImageURL" : "",
          "Farge1" : "",
          "Farge2" : "",
          "Pris" : ""
        }
      }
    },
    "Sko" : {
      "Nike" : {
        "S001" : {
          "Navn" : "",
          "ImageURL" : "",
          "Farge1" : "",
          "Farge2" : "",
          "Pris" : ""
        },
        "S002" : {
          "Navn" : "",
          "ImageURL" : "",
          "Farge1" : "",
          "Farge2" : "",
          "Pris" : ""
        },
        "S003" : {
          "Navn" : "",
          "ImageURL" : "",
          "Farge1" : "",
          "Farge2" : "",
          "Pris" : ""
        },
        "S004" : {
          "Navn" : "",
          "ImageURL" : "",
          "Farge1" : "",
          "Farge2" : "",
          "Pris" : ""
        },
        "S005" : {
          "Navn" : "",
          "ImageURL" : "",
          "Farge1" : "",
          "Farge2" : "",
          "Pris" : ""
        }
      },
      "Adidas" : {
        "S001" : {
          "Navn" : "",
          "ImageURL" : "",
          "Farge1" : "",
          "Farge2" : "",
          "Pris" : ""
        },
        "S002" : {
          "Navn" : "",
          "ImageURL" : "",
          "Farge1" : "",
          "Farge2" : "",
          "Pris" : ""
        },
        "S003" : {
          "Navn" : "",
          "ImageURL" : "",
          "Farge1" : "",
          "Farge2" : "",
          "Pris" : ""
        },
        "S004" : {
          "Navn" : "",
          "ImageURL" : "",
          "Farge1" : "",
          "Farge2" : "",
          "Pris" : ""
        }
      },
      "Puma" : {
        "S001" : {
          "Navn" : "",
          "ImageURL" : "",
          "Farge1" : "",
          "Farge2" : "",
          "Pris" : ""
        },
        "S002" : {
          "Navn" : "",
          "ImageURL" : "",
          "Farge1" : "",
          "Farge2" : "",
          "Pris" : ""
        },
        "S003" : {
          "Navn" : "",
          "ImageURL" : "",
          "Farge1" : "",
          "Farge2" : "",
          "Pris" : ""
        }
      }
    }
  }
}
